paper_id,title,ready_items,source_dataset_id
P1,"Forewarned Is Forearmed? Contingent Sourcing, Shipment Information, and Supplier Competition",4,paper-pilot-19-v2
P2,Procurement Strategies with Unreliable Suppliers Under Correlated Random Yields,4,paper-pilot-19-v2
P3,Conveying Demand Information in Serial Supply Chains with Capacity Limits,3,paper-pilot-19-v2
P4,Optimal Dual-Sourcing Inventory Policies with Order Tracking: Backlogging and Lost Sales Under Uncertain Lead Times,4,paper-pilot-19-v2
P5,Mitigating supply risk with limited information: Emergency supply and responsive pricing,4,paper-pilot-19-v2
P6,Transportation and Inventory Planning in Serial Supply Chain with Heterogeneous Capacitated Vehicles,5,utd-additions-20261006-v1
P7,Disruption and Rerouting in Supply Chain Networks,3,utd-additions-20261006-v1
P8,Can a Supplier’s Yield Risk Be Truthfully Communicated via Cheap Talk?,5,utd-additions-20261006-v1
P9,Technical Note—Optimal Procurement in Remanufacturing Systems with Uncertain Used-Item Condition,5,utd-additions-20261006-v1
P10,Optimal Use and Replenishment of Two Substitutable Raw Materials in a Stochastic Capacitated Make-to-Order Production System,4,utd-additions-20261006-v1
P11,Bayesian Inventory Control: Accelerated Demand Learning via Exploration Boosts,5,utd-additions-20261006-v1
P12,Trade Credit Insurance: Operational Value and Contract Choice,5,utd-additions-20261006-v1
P13,Procurement for Assembly Under Asymmetric Information: Theory and Evidence,4,utd-additions-20261006-v1
P14,Supply Risk Mitigation in a Decentralized Supply Chain: Pricing Postponement or Payment Postponement?,6,utd-additions-20261006-v1
P15,Optimal Policies for a Multi-Echelon Inventory Problem with Service Time Target and Expediting,3,utd-additions-20261006-v1
P16,Better to Bend than to Break: Sharing Supply Risk Using the Supply-Flexibility Contract,5,utd-additions-20261006-v1
P17,Product Sourcing and Distribution Strategies under Supply Disruption and Recall Risks,6,utd-additions-20261006-v1
P18,Production and Capacity Utilization Strategies in Supply Chains for Complex Engineered Products,5,utd-additions-20261006-v1
P19,Dynamic Inventory Management with Inventory‐based Financing,5,utd-additions-20261006-v1
P20,Mitigating Product Shortage Due to Disruptions in Multi‐Stage Supply Chains,6,utd-additions-20261006-v1
P21,Dynamic Inventory Allocation with Demand Learning for Seasonal Goods,4,utd-additions-20261006-v1
P22,Dynamic Contract under Quick Response in a Supply Chain with Information Asymmetry,6,utd-additions-20261006-v1
P23,"Two‐Phase Newsvendor with Optimally Timed Additional Replenishment: Model, Algorithm, Case Study",5,utd-additions-20261006-v1
P24,Inventory control in production–inventory systems with random yield and rework: The unit‐tracking approach,3,utd-additions-20261006-v1
P25,"Quality investment, inspection policy, and pricing decisions in a decentralized supply chain",5,utd-additions-20261006-v1
P26,Volume Flexibility at Responsive Suppliers in Reshoring Decisions: Analysis of a Dual Sourcing Inventory Model,4,utd-additions-20261006-v1
P27,Optimal robust inventory management with volume flexibility: Matching capacity and demand with the lookahead peak‐shaving policy,5,utd-additions-20261006-v1
P28,"Managing material shortages in project supply chains: Inventories, time buffers, and supplier flexibility",5,utd-additions-20261006-v1
P29,Commitment strategies and inventory decisions under supply disruption risk,5,utd-additions-20261006-v1
P30,Managing Hybrid Manufacturing/Remanufacturing Inventory Systems With Random Production Capacities,5,utd-additions-20261006-v1
